{"cameraMode":{"drawMode":0,"name":"Shaded","section":"Shading Mode"},"sceneLighting":true,"audioPlay":false,"sceneViewState":{"showFog":true,"showMaterialUpdate":false,"showSkybox":true,"showFlares":true,"showImageEffects":true,"showParticleSystems":true},"in2DMode":false,"pivot":{"x":-0.0220198817551136,"y":-0.13050571084022523,"z":0.21318617463111878},"rotation":{"x":0.1009523868560791,"y":0.849379301071167,"z":-0.1759929209947586,"w":0.4872269034385681},"size":6.999998092651367,"orthographic":false}